{"stats":{"minecraft:mined":{"minecraft:grass":3,"minecraft:tall_grass":2},"minecraft:picked_up":{"minecraft:wheat_seeds":1},"minecraft:used":{"minecraft:spruce_door":7},"minecraft:custom":{"minecraft:jump":70,"minecraft:time_since_rest":3650,"minecraft:sprint_one_cm":6059,"minecraft:play_time":3650,"minecraft:damage_taken":10,"minecraft:time_since_death":3650,"minecraft:walk_one_cm":9499,"minecraft:sneak_time":74,"minecraft:total_world_time":3650,"minecraft:drop":1,"minecraft:fall_one_cm":1798,"minecraft:fly_one_cm":24674},"minecraft:dropped":{"minecraft:wheat_seeds":1}},"DataVersion":3465}