{"stats":{"minecraft:mined":{"minecraft:grass":3,"minecraft:tall_grass":2},"minecraft:picked_up":{"minecraft:chicken":1,"minecraft:wither_rose":1,"minecraft:porkchop":2,"minecraft:grass_block":1,"minecraft:dirt":4,"minecraft:bone":1,"minecraft:rotten_flesh":2,"minecraft:wheat_seeds":2,"minecraft:mutton":2,"minecraft:nether_star":1,"minecraft:white_wool":4},"minecraft:used":{"minecraft:netherite_sword":169,"minecraft:spruce_door":7,"minecraft:wither_skeleton_skull":8,"minecraft:sculk_sensor":10,"minecraft:target":1,"minecraft:soul_sand":4,"minecraft:mutton":2,"minecraft:anvil":1,"minecraft:soul_soil":4,"minecraft:crimson_trapdoor":3,"minecraft:crossbow":7,"minecraft:lingering_potion":19},"minecraft:custom":{"minecraft:time_since_rest":18928,"minecraft:sprint_one_cm":11947,"minecraft:walk_one_cm":37711,"minecraft:damage_taken":10,"minecraft:interact_with_anvil":1,"minecraft:mob_kills":10,"minecraft:drop":14,"minecraft:damage_dealt":7028,"minecraft:fly_one_cm":202980,"minecraft:target_hit":2,"minecraft:crouch_one_cm":1485,"minecraft:play_time":18928,"minecraft:sneak_time":654,"minecraft:jump":146,"minecraft:leave_game":1,"minecraft:time_since_death":18928,"minecraft:total_world_time":18928,"minecraft:fall_one_cm":1798,"minecraft:horse_one_cm":75485},"minecraft:killed":{"minecraft:sheep":1,"minecraft:skeleton":2,"minecraft:zombie":2,"minecraft:pig":1,"minecraft:creeper":2,"minecraft:enderman":1,"minecraft:wither":1},"minecraft:dropped":{"minecraft:soul_sand":1,"minecraft:crimson_trapdoor":1,"minecraft:porkchop":2,"minecraft:soul_soil":1,"minecraft:wheat_seeds":1,"minecraft:mutton":2,"minecraft:sculk_sensor":1,"minecraft:wither_skeleton_skull":1,"minecraft:saddle":1,"minecraft:spruce_door":1,"minecraft:white_wool":2,"minecraft:target":1}},"DataVersion":3465}